{
  "high_confidence_anomalies": [],
  "all_anomalies": [
    9,
    17,
    22,
    29,
    53,
    150,
    152,
    170,
    174,
    179
  ],
  "errors": [
    0.16301395294347767,
    0.16289794440808442,
    0.1630702303998087,
    0.16308122317680693,
    0.1629994563951835,
    0.16298598259240102,
    0.16298900099469937,
    0.1630035058063897,
    0.16307219408118206,
    0.16308124049392705,
    0.16291287371175167,
    0.16305663904473486,
    0.16300451938219926,
    0.1628957461814584,
    0.1629095088084037,
    0.1630007740751066,
    0.16307244924343617,
    0.16308143549628498,
    0.1629959045265694,
    0.16298860940240542,
    0.16298984397123883,
    0.16299230010762192,
    0.16308655667322539,
    0.1630807014786965,
    0.1629846444956099,
    0.1628994505071709,
    0.16289844218474642,
    0.163028032807908,
    0.1626894400723299,
    0.16309294679504016,
    0.1629066150646593,
    0.16291402874591376,
    0.1630710037978324,
    0.1630803106559556,
    0.16298542978974231,
    0.1629952539439479,
    0.1630721613636302,
    0.16307191705305318,
    0.16292036133013402,
    0.16296373628723776,
    0.1628983882243567,
    0.16269879605648513,
    0.16271897058196053,
    0.16290850712680358,
    0.1629000105375423,
    0.16293540271814744,
    0.1630699478682122,
    0.16298574382951156,
    0.16298579044802544,
    0.16298667857736565,
    0.1629994563951835,
    0.16306977445968499,
    0.16289606163055964,
    0.16312281101487947,
    0.16289753770619717,
    0.16268317918331304,
    0.1630584829487658,
    0.16306178962075799,
    0.1604313189144781,
    0.16247226284237723,
    0.16300228806479475,
    0.16069020525702876,
    0.1628485943952555,
    0.16283488387608963,
    0.16045052911334654,
    0.16300494683041336,
    0.1622421074167108,
    0.16234869144900746,
    0.1630595167752421,
    0.16306371024574284,
    0.16306874444549202,
    0.16204053689734607,
    0.16281772578860776,
    0.16287927309763325,
    0.1581177856588434,
    0.16306079125239856,
    0.15815814763583333,
    0.16305892224139862,
    0.1523844078511652,
    0.16305835057902154,
    0.163059028718743,
    0.1630581284769013,
    0.14993534964884425,
    0.16195525964651697,
    0.15909313708085002,
    0.16306767923362717,
    0.15022806105440656,
    0.1630651122837509,
    0.16297807394015734,
    0.16304332463367843,
    0.14966545114391824,
    0.16306986555933914,
    0.16305965428359095,
    0.16239180017401003,
    0.16306453273905389,
    0.16299927318333868,
    0.16298874017720028,
    0.16265379525008528,
    0.1625207502444933,
    0.16300180698271474,
    0.16041593673037732,
    0.1612677448371987,
    0.16301153258072174,
    0.16288458849406956,
    0.1628861134680122,
    0.16095040136783162,
    0.16300314616711903,
    0.16302102370977092,
    0.16146221380663695,
    0.16268819522855799,
    0.16216555433984692,
    0.16300175046092175,
    0.1630492417000956,
    0.16306911194158139,
    0.16296928972991465,
    0.16297677971803687,
    0.16187246219159,
    0.16301354750516336,
    0.16085900713450002,
    0.16288937330926118,
    0.1628825489513759,
    0.16152595864786642,
    0.16300685675333668,
    0.1619831454930863,
    0.1630405540923826,
    0.1630281807787653,
    0.1621947287578546,
    0.1626511353440101,
    0.16301483019634821,
    0.16044772803534216,
    0.16300096554787066,
    0.16300530741893574,
    0.16300549350643487,
    0.1602117358548328,
    0.1630051906653511,
    0.160424290816538,
    0.16163394457093613,
    0.16304579011079015,
    0.16301070154910063,
    0.16303642233774737,
    0.16199076266520573,
    0.16265205402550334,
    0.16063121842110728,
    0.1622459262303345,
    0.16216989137306576,
    0.16305092419701406,
    0.1630617570657425,
    0.16030055446109073,
    0.16300672186752008,
    0.16301429898695075,
    0.1631433787599436,
    0.16167611205563695,
    0.16310334409487964,
    0.16302576009225497,
    0.16055808271478408,
    0.16098107779837753,
    0.16300391046711615,
    0.16306381804614112,
    0.16304077866875458,
    0.16231141170113042,
    0.1624278654286594,
    0.16215368723059218,
    0.16300567468850313,
    0.16300296995618915,
    0.16291175580652878,
    0.1630026825998975,
    0.16298820182201054,
    0.1629883614553037,
    0.16299385905984445,
    0.16290765592669768,
    0.16312404930064894,
    0.16169409701432175,
    0.16300617205269036,
    0.16299030902403827,
    0.1630865572929448,
    0.1630696260187761,
    0.16299504575583681,
    0.16298637422363257,
    0.1613969040704919,
    0.16309581823281122,
    0.16306733300718848,
    0.16181801918162508,
    0.16299166106195295,
    0.16298564706021657,
    0.16298695046443304,
    0.1630035058063897,
    0.16298515849239922,
    0.1629919792737086,
    0.16105833576002163,
    0.1630099565778326
  ],